{"version":5,"hash":{"type":"Buffer","data":"2AX+NvQjekq44kTAahJbr+Q1qvTyFlbP7KIpwhATuZrct80OxFe9uiNnw30pSn+lLG4ImNsl2RoAats+fWnfjJqJRB7brIqR8jl8MWTsbsBm77KXGgkNdsD1SDk+/Ovcwj6C7+ZmfTSQ8MQISRYDR9N5Cyh2nj2qPUXY9KnrQ/k="},"indexValueMap":{"AEWhoBbPEVmt17rEbC9y/77DSPxhyAqMWD87V3J8z3E=":{"valueMac":{"type":"Buffer","data":"n43UZIuBkOb+8Z+c6YZhvBhfdl3TnES2iI54pHz3aoE="}},"AhMQ3XSVm6+aDESFr43W+1CKplbE+ALLgIVnRwpz36I=":{"valueMac":{"type":"Buffer","data":"6uRfBRI19IFOzi8N4yMfMqbnB7TKaORQXE9kx38rQ/Q="}},"Ah5EfxZVY8HfTyPLuk5GkWFezZ7brEhv0dsbhk65LEs=":{"valueMac":{"type":"Buffer","data":"HxRPFkTA62fXbPlExsauiMCRc4Vv6Xu1kHovYdyQOLI="}},"AzF1lEMyi9Asq8qwR8ANjA3mbH8DNdkVEDqn1UuZuu8=":{"valueMac":{"type":"Buffer","data":"AIwj9XgQ+uh275ACLfvl2EqE+pxJi3ZdVEtjXBYeFeA="}},"Bw0WQ2PGSpLiHomU4p9w62zsa0f3wk1JQbbfnByCs5o=":{"valueMac":{"type":"Buffer","data":"Y+ntECPP5vTSeDe8h/JgK3KeEFb4sD3H81ccdOy/vFQ="}},"B58qZJstKzXH8LGgrsXrZoi6pRo9p1Ro5S98Y7L/CpQ=":{"valueMac":{"type":"Buffer","data":"HPzLKVbwVpznY0wlbmlZMUH11LIfmy1LQVhdOV/g/mw="}},"B7qV5aI9WnXGYugr+sUeKHn/gW3nRsd5necqty5ge9I=":{"valueMac":{"type":"Buffer","data":"cPBwsXgFgTgwUQAKzBkia/3Kgc4mY2wNF4T/Pdh0JeU="}},"Cv8tSd+1rFx+Y8gEEiGcEY0tYXrvyXkdBm7p0mJKnZw=":{"valueMac":{"type":"Buffer","data":"CnLQhcNVVgfy6W6RctemX04cH8g+EPweIFQf9P/EQbY="}},"Gv1kmDJWg3TtcDjCmTZPOwpK2EStklp1G4Vnxj19MAE=":{"valueMac":{"type":"Buffer","data":"AR7/GSgCLIOK4okjhh1yHTdu2k/N/CGP8Ev5ZcSg6jg="}},"Hgpp8qnzUPAX68CMj+QW8LIZNattD7PGoCNRCJlBR3c=":{"valueMac":{"type":"Buffer","data":"QXNYGA+iGTTwP9dVgqpYYUVzggXgLA7ePSeqye0fwEU="}},"JlaERiKFrMkDFWm3l+MMB8ortU5Ju/9U4ZMcIshifps=":{"valueMac":{"type":"Buffer","data":"62R1grF+bM/qGc7da2OliRKAKEEEENhJFR+N5wnEWBs="}},"J5FqyLar3HSsrdykLVtdZD2Su71oDS5KDr9hiSPzY2I=":{"valueMac":{"type":"Buffer","data":"O9L5bZSovMBHK63i/aEAFz8tJ2JuYF+ufnJTiuQSt44="}},"J7LtGx0gABIcmFw1eSfVQEmlHOdOrRYPX35PYl26vP8=":{"valueMac":{"type":"Buffer","data":"OLSLFGWLtsMrnFq17Hn3a+rbSl7zmCfn6UmrxvqSyvU="}},"KZWtwzTykWORr++n1xX/0Ld5kZjGqQLGLOZ/VPsx7UM=":{"valueMac":{"type":"Buffer","data":"hVuJfRp0PBc92+aaa/idEnJL9FLddJaLrWg8kgJs9cM="}},"Mk9QS90n9XpBwZOvmmC9i+kQY3jBz2dNUv8VCU5lOS4=":{"valueMac":{"type":"Buffer","data":"mb+eG5owSpPi9/zVK3VlL5wiFWDk1ktQb6teG16OzDs="}},"MybcxT3Z/r+hjhFgJs9t0JSEW2YILGL/uZb5oIYRl70=":{"valueMac":{"type":"Buffer","data":"i2LipX8iiuVO6soX4f6JuVEiMYhcUfZFxyIoQP2S35g="}},"NXQm+BBcinSDlNp7PYjWzKQA7gILVsklscgj26HMOeU=":{"valueMac":{"type":"Buffer","data":"JyMV2HLyjAEPU82ssbxvXZn7K6vQ+2AmfmZDIkGHIxU="}},"NXublXjeE0+g9iB+HwfbEFuAL8jWL3yXvwR3e7F9zcI=":{"valueMac":{"type":"Buffer","data":"6Q2/Lk4XuwcEKRn4S0dKbpa23rFZzwhczKu/jd1tYHw="}},"OTF8YTTp/bRjQG8G28dZVBczbTkYFcm0wjWV0C/tDow=":{"valueMac":{"type":"Buffer","data":"3npnICfxGGzNFIrV2jwC+jpwHieVmdhD1pEtM9yejOs="}},"Oxf1ot/qrY7F5MvbV/+Huahl/RaKablDvfveA9UymKk=":{"valueMac":{"type":"Buffer","data":"EMHde1HJXW8KA1cOyLOxo+WKwTvFSa09SU08eC6myLc="}},"Ply3b78KJVRuYkOhYiitMc5drrtC2tuVtwaPdmN9b4o=":{"valueMac":{"type":"Buffer","data":"VD5dL+CpCad5DiRzJLGiH6m7Zwj2C0Rwh5bd/g7utRw="}},"P0jA+nQKAm7EBYCsPcJPbUrFSqQ3bXEfnhMNdBFQD6g=":{"valueMac":{"type":"Buffer","data":"Qzu3/WDJ3RAPZ3ET0qclCcrGLRt6Ugx0E8WX6NGQiOE="}},"QMpQq+9kJn5BuPIXkJPTL6D86awlrH6QIQpiyrDzOCQ=":{"valueMac":{"type":"Buffer","data":"ix6MBzkQx5k5B/HWsvnLYnGb0i0T7TMZUm9SCf+In5w="}},"QkEhy9l99XdLHY0USPR4NH1lmzT4lxh7fDn9AOdmBC8=":{"valueMac":{"type":"Buffer","data":"Ew1OU4AeacAppA4h6QPXqzE6o9gP37OBmU0tF4wvyzY="}},"SnbWg5pJVUox42Sy4NxXrSyvuWwp81cKUFOT33iL6Dc=":{"valueMac":{"type":"Buffer","data":"MyYp/7hb+DiFDEqkT5Pde0XzcYnOvrHmuFBsMPu8Xr4="}},"UtEG5yR388HPJfxQ7T4em+Ixu7L+coMxJEbfQ1LRZAM=":{"valueMac":{"type":"Buffer","data":"L0ggswWVnia7N30M19RpIDAu2sCLTvO6dVJy2ug05Vs="}},"Uz0jRv42YbZhLdKdd3DqleG+5VcUYLrq95HT1dzLi2E=":{"valueMac":{"type":"Buffer","data":"opff0iaLRaNIJucNZEvlBAcap5lM7qRbKmYM45hZKYY="}},"Vd1OvxcU3zuUVTksNDW1DFmHBHKoVmg/QppxJY0Jyfg=":{"valueMac":{"type":"Buffer","data":"kT30VwLJB4b3LJlRJUCj3KEXBlibacfmmz17nNaqtPE="}},"WUJ8YaOKTkknsTBFw4GrE1IyZP0fqEtI8Cprae5oE/E=":{"valueMac":{"type":"Buffer","data":"ksqfatkDcx+I5s06wrAp5CS2XcgY8jXi+9U+UbrSMFM="}},"XYbDQGSISbBvfKJHxmmDC4itymKqgjLcFC8y21UPf60=":{"valueMac":{"type":"Buffer","data":"Hb6KkDa1QhteI2xlS0Ik3aUDfWO2F4XszPA7qjT/Pi4="}},"YdtaYY5WT2eagevD54JnI+OmDgyVlfP7a9RwFI0iEFk=":{"valueMac":{"type":"Buffer","data":"X+zMKPIIxM7BBN7Cs7Gl9jAyqUrepYkqzI6T1pWsLZM="}},"Yuj22ttTWHAtPezGOSneavAlY4o46XsgDdGkEqvRkIU=":{"valueMac":{"type":"Buffer","data":"sSRUMwPfNLY+JJaHIAiR50T01H3hlasRE5qBwFPqVwM="}},"Y0hVxXa+BR1bK4H42ODzQPfNBplYQgDlId3CWjuyjv0=":{"valueMac":{"type":"Buffer","data":"EK1n/KfMVFPl7JjGOoE/Wl3riFiPNO4/NBIM8k/Ic1Y="}},"ZGN5INq8UGSO14KTn5f7VFlaZ1dKgdbYnzWbEsDpcsw=":{"valueMac":{"type":"Buffer","data":"hxKLDA2cgEsJgSAvS4hSznNr6dx9FuYWdbQy4CKV/58="}},"aJlLtJx0AeEJvOsHAD9BmpaHlVWC+pnsuKbloBnsos4=":{"valueMac":{"type":"Buffer","data":"x7q48lG9Ytxfr2B7/13Paqqt3TkleDIeVB5ZeKUpLJs="}},"a+I5vmWlARFUBmk+uaZ+PhcolNEB4hCt2gGYYDK5NqU=":{"valueMac":{"type":"Buffer","data":"1xxd/E4q1ZSBmsmT78AiCPxmgj0RY2EJOU6vDkVlH8k="}},"dObZP23DlYnX0DFlelFsBeGudMwWce1KcbMDiQdZWDM=":{"valueMac":{"type":"Buffer","data":"djNGxKjQMfq6xztqpnINNpzs/hx4bPEAyxSX9xWyC4k="}},"epznwxeiOeKotY76kZdD/okt/R2dEF9yhoEE+59ekrQ=":{"valueMac":{"type":"Buffer","data":"77AlC9yYCVs6vIyP4lYcwf5chYTrPeIra6G1IRMqZB0="}},"e090B0L0Wn9BnJKsJ0FjL9uJzgXOvbaxVUzTlX5W9fY=":{"valueMac":{"type":"Buffer","data":"H90bo+pm4n18Fa4CCxjsBOA1d5/3EdeXKuCIUL/kag0="}},"fcYCBPuJiw9WVA6AYnCJVoTzgAL7Ihi8QsAwdHGh0bU=":{"valueMac":{"type":"Buffer","data":"dSXnYkirKEMtzY8rGNy89R8VCivSpNqHebtPPQsnwFA="}},"fq8Pkj2VxTC/9RH6p9yL+i6IdtmdGPC/4R4PyzfFteA=":{"valueMac":{"type":"Buffer","data":"MPsoLfcDomDv+Pqqna+GwfgVWeYkZKzGTLGHDwZejXk="}},"iW8W9WKERsK373OMBdt+04IvaCYrnfmJPVu8COd/AYE=":{"valueMac":{"type":"Buffer","data":"wwl3pc9nkT9BdWv5j+XfBdIxYlZsYbXEiXppTOw6CH0="}},"jim+kQ23OVzE8sKaPriUH8q2t59QZm3S0Jo8S2PEzJc=":{"valueMac":{"type":"Buffer","data":"WPp0I0Q4pDPe0fNawjXcLEAW8u1Nqt5OjMdKG9eci+s="}},"mfcqdFYJaqDD1YarMJyE2MnTQT/ls6EOyv5Fm2FpovI=":{"valueMac":{"type":"Buffer","data":"8B1zaJnhzGQs0272ivknq6gg22yLcNfw4REvbB/7Uvo="}},"npBe4jGDZgQWrw6q6NSsYiZ44YtTJrVfP/uLiVBjXvw=":{"valueMac":{"type":"Buffer","data":"mYRPCLkD6TPitOEbyo/spzWP3R9i86tF0kcjwGYbpbM="}},"nzqOq1ovvMA1yBpG+4xrDVt9CosXJaLfeBh6A+GfniY=":{"valueMac":{"type":"Buffer","data":"ZG8VrFB1Z9wQ8+rTNyBH6mb9jq4Mn2Q0Nd35znKNv0Q="}},"n2elgSXHJz9tyBGAvfW+/RotKO9/hh42dN05FKcWwSo=":{"valueMac":{"type":"Buffer","data":"4KYlAF0fVgDrU5ptyrCPJe6U0JkMapbWlTPQ8Kk6XAE="}},"o2Q2N2VZmZpOsnqA9ifYXmGtvYzZMUoRDPsgsxpwLno=":{"valueMac":{"type":"Buffer","data":"60QfZRy+rbaHaHACBCpRvKU+wgEi38f5vB9MvWdDpC0="}},"p6PlxFB1Z3qyPIYOC4zaWoPMGkkh6+TLiHtQLynavNM=":{"valueMac":{"type":"Buffer","data":"rK2XB96OtyaInuT63FhE5A/iGpLb/eAoKN9wp69bJ4c="}},"r1oF+NFKv+jFE69a1KT4EdG4MjD8/2WKSElhgeFZyL4=":{"valueMac":{"type":"Buffer","data":"H4LJeHeUj3TWZpn3SDk5927cHr8jNk5wr8NF+L0IYyA="}},"vDeZpC1TJBa4+g5z5iMHPCMXNbZK/h6IJjzgHsxFSW8=":{"valueMac":{"type":"Buffer","data":"HNVQmh/b96xwKlErfXfTQHUbcIG5zhQVvQLnLi81cvQ="}},"vRbj1E5MmpI65zfuLOizfOSp/emcRH9G7nsvlC49mFY=":{"valueMac":{"type":"Buffer","data":"GV+Us++s8/RMZYs0h8aFXFumyNdH6MbAfdoKDs5rNL0="}},"wO/vjqdXj5AIcPG8K0B9g8UP1p9KDivQ8qZsfcxOnAQ=":{"valueMac":{"type":"Buffer","data":"qaOjPN2p9ETNhS42KH43wy7hmd4zSY2MV7KRLEDMlqY="}},"xyMDaxxJ2w92L0L7UbpAKGP8eMPNi84Qoh2bJFdisGA=":{"valueMac":{"type":"Buffer","data":"NwKhltttvbM/h1683SsNMAPaWC6Wac1UktU5JcAY0GI="}},"zA8V2/F2Xjno1vOaNFsFnitCtDwSIWeJupW0+IaA4zQ=":{"valueMac":{"type":"Buffer","data":"p6WwCWxICMGiq8f9Aor9Wj4lSt5ZMmbySAiHZ70QC8U="}},"zcalT02kwEg3V+IuQOK34pDzoisG/7GtSrkOjVi8Xac=":{"valueMac":{"type":"Buffer","data":"XsPbCUheTgNb88Jmn9B41160yir1B8x2JzrsgTUG3ps="}},"0I81gkhDd4hEqaMm7wakMHjXh0FoCt8DOP/Ii4cDLVk=":{"valueMac":{"type":"Buffer","data":"/7rfofWK5GbO7Pmj7lZoTktirUkWBcUJVSNP9/MWlPA="}},"1nhBeyX3JXhAyy2mQD6wVsDvMalFCorQ1fLDXJzD/MA=":{"valueMac":{"type":"Buffer","data":"jSEJXf5+pctEXA1mLRtUN7rKNqT05qfjs0ZbBWRBm5Y="}},"1yuXI8W3KyjW91yEkdQG+WhQ+elSJXJp+jPLkNl+/9c=":{"valueMac":{"type":"Buffer","data":"lH1WKF4mR/BU/+BMk52wGpm4x6mzcYS7J8/cMvPDTrA="}},"10oKlHKBG0l7e0ljrHV5UAxlmNVapyIv8RvxuJMsr6s=":{"valueMac":{"type":"Buffer","data":"aCLwyZyAaKyh4cr1mt/dKan6b37dcqc4Bv1gRQqM9iw="}},"2kqfwfST3AsrzsGer6sJBtjbeoaSSA7/O1Oa95Y5y/w=":{"valueMac":{"type":"Buffer","data":"hug1SYiNYymJkjWSm7xysoveaI0hydmm9f7wWNWH9TU="}},"3yQsLsrHtgc1W0DPxu2K5w5Ca/pa2BtCQ2GUWspXqBY=":{"valueMac":{"type":"Buffer","data":"l9d+JsJ+6HJcggZ4H/os5SjabVoAw4a2N08svcm4K6Q="}},"6ORUfE6I+h6Ndw1OIxzVcdQdFLMBZaO4WdedMqLIRmU=":{"valueMac":{"type":"Buffer","data":"gLrk0F+XrUxeSppgO6zQ+aB0AiptJUcs330jUGI3Sf4="}},"8u20t+5l6hAARHcq7De2y84g+JO9sox4S/20gMlVTB4=":{"valueMac":{"type":"Buffer","data":"YMIhhXvkE+Co1Lm15J2pd/4Kj1g4z6KOFBCDxfglN/w="}},"7IOTjymeQN2AnFgaQcfrEADcYmYm/8EiIVYY1FzYcwQ=":{"valueMac":{"type":"Buffer","data":"cNEcuWXzuVMXeX163IqUJ7EZc3gQllkmdK0BfMWZh0s="}}}}