{"version":2,"hash":{"type":"Buffer","data":"AtM/HmV+45rrzPHt+8qUfJlrCF/cuc4hhZmZQvnVTln99NfZm9NfISUuU0Z4jO2qfD11ftvr/lipcO4QTWdeKxxnuFSOdtnsYludopmTpcVtZsY9poDmhRCDNb7dOQYkc0ZJzDb8bMWpuGVyFX2NEdeiRpAmcGxiA6g6Eeio9cM="},"indexValueMap":{"DE2J5WndVCaS+j1sMC8hcJSjdpdIolO6AVKMiFGG2Dg=":{"valueMac":{"type":"Buffer","data":"oslCF8g3AZ8abp0eBxnkdWI6zwmI10UkcjiKDcD9Ih0="}},"D8eIwL+0w467oqwgH7Lse9Fi9v6yz0YnerGdXy7GY9o=":{"valueMac":{"type":"Buffer","data":"VQtII29O/gWKFsy52l5Cba6lS6ANO4yoh1fhmQHNWnk="}},"Mwrk4k4PP2jwuKqPBG0j1esGLBy1E8xPr6kW8YxmPLU=":{"valueMac":{"type":"Buffer","data":"U8ii8xDwNbvOriwOzFLUGlHj57sFZQlFYK951IGZbxo="}},"UFc/npDx40CLOoUubjmZXasEQWwRw1xxcHTorXTKpX4=":{"valueMac":{"type":"Buffer","data":"DeVpH0B2jSu4ujI7ZOW/cBnC1NvwvU4er2Eq51/8txA="}},"YFFxZigJ4xHrFilT3DayZGHLIcOEMk7SfB52VSL7lm0=":{"valueMac":{"type":"Buffer","data":"U3U4Xh7rYN/UOsXkXYPWFaAFZfov0kZALNGkOsI7SKA="}},"iMAHtvJb77/7lKuCw6r74pC2Gn+A0E5v8V6l5CSEvwI=":{"valueMac":{"type":"Buffer","data":"WkRupikkwOg+Fpd8+15z63mwfU9Q9/QsLX39TveQU7U="}},"kQ8CJvvhPaFqX0kZh5dNgok1Ha02xh1XWk2jBc/312E=":{"valueMac":{"type":"Buffer","data":"zDoCIzBPwAvVmw5LIMxfw+M6JYzYlMGnAA8sZbygdKI="}},"vZhRUDLmQx+Lp30HEDLfyZJsyE3lYMq8/+LSNd9x0hs=":{"valueMac":{"type":"Buffer","data":"Fskm+Q6Lf3qow6qHNxV1QLBvV60IqeKz+TZ6YTwND1g="}}}}