{"noiseKey":{"private":{"type":"Buffer","data":"wIqptxjMN7J8vies9IW+oHbeqs75/grABnQbWhD7g3M="},"public":{"type":"Buffer","data":"AL5JZorqIpM+FyxTOJmurJ0tRBETNNi2B/fx3cLNaX4="}},"pairingEphemeralKeyPair":{"private":{"type":"Buffer","data":"cEUGkuTlg4PZAB1OvPkFrEAyFdKZPQbXd0OpBNivjGA="},"public":{"type":"Buffer","data":"wzYAWhlahS3VTIMZXt5J2aqhjiDkmXc1XAgjbmyMgV0="}},"signedIdentityKey":{"private":{"type":"Buffer","data":"yKRv2qFlZi6FIcndT3P84F4ZSoH8W9s0zCBVuc8Cqm8="},"public":{"type":"Buffer","data":"B6/lVULC1vQfq5LrxpemoIj6Jdzs1kMANqMAKXbN5W4="}},"signedPreKey":{"keyPair":{"private":{"type":"Buffer","data":"sN+/M5bCZgkQv2kWk4ytJpj6jj2f0VWeVchWc2hYVHk="},"public":{"type":"Buffer","data":"+0c0IfwAyAcWbzJ0hzF5fY9OpA8+AXc193R57OMIWkY="}},"signature":{"type":"Buffer","data":"5unrrXTsAlG9LYFpcVrjTjk1+Y1wUYbDc4u6PrLH+gJwuM840y92WBwOCamOK3FW9darYfWzFJj5S4dl6teBiA=="},"keyId":1},"registrationId":135,"advSecretKey":"2cNmMfZFDIiDLUjh2dBCOUtc0o0bJo4lSofad6IRaJQ=","processedHistoryMessages":[{"key":{"remoteJid":"919341434302@s.whatsapp.net","fromMe":false,"id":"A5116A5F307A99B02D0089C1A8754EB2","participant":"","addressingMode":"pn"},"messageTimestamp":1768794112},{"key":{"remoteJid":"919341434302@s.whatsapp.net","fromMe":false,"id":"A525E527D46BC2F4BE92C4BDA85D8E4C","participant":"","addressingMode":"pn"},"messageTimestamp":1768794111},{"key":{"remoteJid":"919341434302@s.whatsapp.net","fromMe":false,"id":"A5A73D5069A5ABEEE718C28ACF5EFC4C","participant":"","addressingMode":"pn"},"messageTimestamp":1768794111},{"key":{"remoteJid":"919341434302@s.whatsapp.net","fromMe":false,"id":"A5140A6DC71375DDA4AB25C8227DF964","participant":"","addressingMode":"pn"},"messageTimestamp":1768794111},{"key":{"remoteJid":"919341434302@s.whatsapp.net","fromMe":false,"id":"A5ED84320A0C440BD18CBF6290E30397","participant":"","addressingMode":"pn"},"messageTimestamp":1768794117},{"key":{"remoteJid":"919341434302@s.whatsapp.net","fromMe":false,"id":"A5AC52804ADDDE7D9E341384BA505BBD","participant":"","addressingMode":"pn"},"messageTimestamp":1768794121}],"nextPreKeyId":813,"firstUnuploadedPreKeyId":813,"accountSyncCounter":1,"accountSettings":{"unarchiveChats":false},"registered":false,"account":{"details":"CIWn7PIGEPbPtssGGAIgACgA","accountSignatureKey":"CP3Wxne2hJfRuDUD62rOC8m72+0HQW1lxz1+2BpFLRE=","accountSignature":"tJIIkR9pAKFp5YTgdU6GvAJHDPp4/Zc/sornm3ljLNONo5YjnKsrf78rSm9LY1qxFBVmgG010xxcsQTq6ducDQ==","deviceSignature":"o5tCy/Zle/3OoSMNiOT/VVxqSRWGEVikvDCVPvLh2jB2q3FmYrLjQ6y4urFHyoy8iFq7WZNMnQC8J5fEugi4gA=="},"me":{"id":"919341434302:20@s.whatsapp.net","name":"i","lid":"2233987023058:20@lid"},"signalIdentities":[{"identifier":{"name":"2233987023058:20@lid","deviceId":0},"identifierKey":{"type":"Buffer","data":"BQj91sZ3toSX0bg1A+tqzgvJu9vtB0FtZcc9ftgaRS0R"}}],"platform":"smba","routingInfo":{"type":"Buffer","data":"CAUIDQgI"},"lastAccountSyncTimestamp":1768794550,"lastPropHash":"2MFKPQ","myAppStateKeyId":"AAAAABbR"}