{"noiseKey":{"private":{"type":"Buffer","data":"0GfsizbKCLO2MafyTxxob+hmH6NHpOofacBi5bbsIFY="},"public":{"type":"Buffer","data":"NeTgEQ/70Ngq1hsGlVldY3ZlzmW/iPxy1MsW+w3idEw="}},"pairingEphemeralKeyPair":{"private":{"type":"Buffer","data":"uPg9K6disxcimDNV/DlA7FZQ+eKiKESw7UDZbibjW28="},"public":{"type":"Buffer","data":"HdXeSfw0P7ABn4kxr1gN70nXNfCJq5ipFw4eBsO+Fkc="}},"signedIdentityKey":{"private":{"type":"Buffer","data":"EH5U/rYtELmSJJnzq0wCs9fUB1rc5MmR7fqQUBi48W8="},"public":{"type":"Buffer","data":"8K3eJWLe3/Bu7YvbDepsQTLrCIgKiBcWcgw0oIjCMmg="}},"signedPreKey":{"keyPair":{"private":{"type":"Buffer","data":"CL36QGO4vi5eiIYGom2w+xeEGz1vYUsWGY4IiSqVB28="},"public":{"type":"Buffer","data":"ekuWDcFLsEbliaH0xotbDHvYPRWWcT+MvGOo8q0U2Ck="}},"signature":{"type":"Buffer","data":"/3Hvw8D1TINJwcpHc0mf/8jtQHnNCSoBQiFov4jf4lh07h5fRjYhVZ8TAKI5DH+ib3IFX52K2B3BYc34mH2RAw=="},"keyId":1},"registrationId":86,"advSecretKey":"1sCnq6IYyeT+VqFtiREoFfcOQtCqKGgSDoyGnenWEno=","processedHistoryMessages":[],"nextPreKeyId":813,"firstUnuploadedPreKeyId":813,"accountSyncCounter":0,"accountSettings":{"unarchiveChats":false},"registered":false,"account":{"details":"CIan7PIGEPSOt8sGGAEgACgA","accountSignatureKey":"CP3Wxne2hJfRuDUD62rOC8m72+0HQW1lxz1+2BpFLRE=","accountSignature":"vZJlX90xAx/ZOmKrGVrHYTprlbX5V9oXavqDULMuE4etWYWBzdQ1KguO2++jn91ueHJTMQO32cunIfLjGbDfBQ==","deviceSignature":"I43inRRLIyFpxx1X+b0dZWJuUVjvoC0uKQhqg2nfb6M2gwfgVNm8g6led69qIQoepCZjeOcMxqS4Sb1Q/ZGpAw=="},"me":{"id":"919341434302:23@s.whatsapp.net","name":"i","lid":"2233987023058:23@lid"},"signalIdentities":[{"identifier":{"name":"2233987023058:23@lid","deviceId":0},"identifierKey":{"type":"Buffer","data":"BQj91sZ3toSX0bg1A+tqzgvJu9vtB0FtZcc9ftgaRS0R"}}],"platform":"smba","routingInfo":{"type":"Buffer","data":"CAUIDQgI"},"lastAccountSyncTimestamp":1768802167}