{"noiseKey":{"private":{"type":"Buffer","data":"iA+h5z4IoVctslTwrNQHlmaybEkDcOAi+X5ca7H6SXU="},"public":{"type":"Buffer","data":"NvyvwsqfRpZfhWm+uduKBwWEwWrH2krBStAmh0DnH3I="}},"pairingEphemeralKeyPair":{"private":{"type":"Buffer","data":"oCreQq0BBPbfgCU7svQd4xzu0oFayjAbHcMAdhEQdmM="},"public":{"type":"Buffer","data":"bpfWUMNpWIUol49oDmK+Xau+NRQIPNGAXviNyngZUTw="}},"signedIdentityKey":{"private":{"type":"Buffer","data":"+N96Kcsr2kpXx95ngJeEmCQu103BUTITkqkzwJf1wEc="},"public":{"type":"Buffer","data":"ilfys/xhrBXZO+Cawjuua4gWJ7wbR8DtaXmuzpZxcg4="}},"signedPreKey":{"keyPair":{"private":{"type":"Buffer","data":"eMAUorfrCQ23dv919UHogokrSrGJ2ZvjwV4xFzqgM2U="},"public":{"type":"Buffer","data":"aq4aNiaoApfUCxT1YBoL00YSfnM8EydMQC2Qw3zcWhA="}},"signature":{"type":"Buffer","data":"a6JNIH4G5kLikhhgfigXeuHlAYFtQncqX5Q7VKaIbkkDA3uIbGooMUlJBWsf4LkgVA3UdnoPX/G1M2eGC9jOjg=="},"keyId":1},"registrationId":80,"advSecretKey":"Ly2IaTQOxAaGXukGaEY1SzW86g/VViJt6u2NztZEGZ8=","processedHistoryMessages":[],"nextPreKeyId":813,"firstUnuploadedPreKeyId":813,"accountSyncCounter":0,"accountSettings":{"unarchiveChats":false},"registered":false,"account":{"details":"CIen7PIGEOSgt8sGGAEgACgA","accountSignatureKey":"CP3Wxne2hJfRuDUD62rOC8m72+0HQW1lxz1+2BpFLRE=","accountSignature":"tbnw/JuiwfYq57TGt0B5dwvy8Z0twLvsAdKHLQhKUWaPcGfOy+wEbqzK0tWOyKyIYBPFrDKAq7oS7oqPclVrAA==","deviceSignature":"E/yNV/mf836nny/jDpVxRHIZCXgG2z5A+HdUDR/w4pom4/RB214iUt3MqFqFC0CHofMp2w96X9KRbWnfQfUpjw=="},"me":{"id":"919341434302:24@s.whatsapp.net","name":"i","lid":"2233987023058:24@lid"},"signalIdentities":[{"identifier":{"name":"2233987023058:24@lid","deviceId":0},"identifierKey":{"type":"Buffer","data":"BQj91sZ3toSX0bg1A+tqzgvJu9vtB0FtZcc9ftgaRS0R"}}],"platform":"smba","routingInfo":{"type":"Buffer","data":"CAUIDQgI"},"lastAccountSyncTimestamp":1768804457}